id_prod,tenand_id,product_id,invoice_id,quantity,unit_value,item_value,customer_id,doc_date,total_discount,total_tax,total_value,precio_productos,name,description,list_price
1,10,721,1,8,45.83270062,366.661605,1,2011-06-23,50.40085537,201.6034215,1512.025661,1260.021384,Col fermentada Rössle,Frutas/Verduras,45.83270062
109,7,492,1,10,26.63235948,266.3235948,1,2011-06-23,50.40085537,201.6034215,1512.025661,1260.021384,Arenque blanco del noroeste,Pescado/Marisco,26.63235948
217,2,894,1,5,9.896046275,49.48023137,1,2011-06-23,50.40085537,201.6034215,1512.025661,1260.021384,Galletas Zaanse,Repostería,9.896046275
325,4,260,1,3,124.2224373,372.667312,1,2011-06-23,50.40085537,201.6034215,1512.025661,1260.021384,Salchicha Thüringer,Carnes,124.2224373
433,2,908,1,7,29.26980586,204.888641,1,2011-06-23,50.40085537,201.6034215,1512.025661,1260.021384,Sirope de arce,Condimentos,29.26980586
2,6,397,2,10,38.94734887,389.4734887,2,2015-04-14,17.81238603,142.4990882,1050.930775,890.6193013,Queso Manchego La Pastora,Lácteos,38.94734887
110,2,789,2,4,10.11543242,40.46172968,2,2015-04-14,17.81238603,142.4990882,1050.930775,890.6193013,Pastas de té de chocolate,Repostería,10.11543242
218,1,42,2,7,14.69856241,102.8899369,2,2015-04-14,17.81238603,142.4990882,1050.930775,890.6193013,Tallarines de Singapur,Granos/Cereales,14.69856241
326,8,596,2,7,19.5981451,137.1870157,2,2015-04-14,17.81238603,142.4990882,1050.930775,890.6193013,Raviolis Angelo,Granos/Cereales,19.5981451
434,3,217,2,5,44.12142606,220.6071303,2,2015-04-14,17.81238603,142.4990882,1050.930775,890.6193013,Sandwich de vegetales,Condimentos,44.12142606
3,7,469,3,5,30.86743577,154.3371788,3,2011-10-05,34.22166527,136.8866611,1026.649958,855.5416318,Peras secas orgánicas del tío Bob,Frutas/Verduras,30.86743577
111,2,931,3,10,30.25826672,302.5826672,3,2011-10-05,34.22166527,136.8866611,1026.649958,855.5416318,Peras secas orgánicas del tío Bob,Frutas/Verduras,30.25826672
219,1,4,3,5,22.03746233,110.1873117,3,2011-10-05,34.22166527,136.8866611,1026.649958,855.5416318,Especias Cajun del chef Anton,Condimentos,22.03746233
327,1,63,3,4,43.93857559,175.7543024,3,2011-10-05,34.22166527,136.8866611,1026.649958,855.5416318,Sandwich de vegetales,Condimentos,43.93857559
435,2,145,3,9,12.52001908,112.6801717,3,2011-10-05,34.22166527,136.8866611,1026.649958,855.5416318,Barras de pan de Escocia,Repostería,12.52001908
4,8,607,4,10,13.06725261,130.6725261,4,2011-02-06,32.58180071,104.2617623,788.4795772,651.6360142,Barras de pan de Escocia,Repostería,13.06725261
112,2,900,4,4,33.31556786,133.2622714,4,2011-02-06,32.58180071,104.2617623,788.4795772,651.6360142,Empanada de carne,Carnes,33.31556786
220,1,14,4,6,23.26814757,139.6088854,4,2011-02-06,32.58180071,104.2617623,788.4795772,651.6360142,Cuajada de judías,Frutas/Verduras,23.26814757
328,2,825,4,7,24.01554446,168.1088112,4,2011-02-06,32.58180071,104.2617623,788.4795772,651.6360142,Paté chino,Carnes,24.01554446
436,3,169,4,5,15.996704,79.98352001,4,2011-02-06,32.58180071,104.2617623,788.4795772,651.6360142,Salsa de soja baja en sodio,Condimentos,15.996704
5,1,35,5,7,18.34280663,128.3996464,5,2011-09-01,10.2967578,164.7481247,1204.720662,1029.67578,Cerveza negra Steeleye,Bebidas,18.34280663
113,1,8,5,4,40.13711038,160.5484415,5,2011-09-01,10.2967578,164.7481247,1204.720662,1029.67578,Salsa de arándanos Northwoods,Condimentos,40.13711038
221,8,608,5,10,36.51535007,365.1535007,5,2011-09-01,10.2967578,164.7481247,1204.720662,1029.67578,Queso Gudbrandsdals,Lácteos,36.51535007
329,2,97,5,3,81.56257808,244.6877342,5,2011-09-01,10.2967578,164.7481247,1204.720662,1029.67578,Mermelada de Sir Rodney's,Repostería,81.56257808
437,7,533,5,6,21.81440946,130.8864567,5,2011-09-01,10.2967578,164.7481247,1204.720662,1029.67578,Crema de queso Fløtemys,Lácteos,21.81440946
6,7,495,6,9,3.472079626,31.24871663,6,2015-09-26,21.29859333,56.79624889,433.0713978,354.9765556,Queso de cabra,Lácteos,3.472079626
114,6,462,6,4,13.45593831,53.82375323,6,2015-09-26,21.29859333,56.79624889,433.0713978,354.9765556,Salsa verde original Frankfurter,Condimentos,13.45593831
222,9,688,6,3,35.68043339,107.0413002,6,2015-09-26,21.29859333,56.79624889,433.0713978,354.9765556,Queso Mozzarella Giovanni,Lácteos,35.68043339
330,2,933,6,1,97.84666146,97.84666146,6,2015-09-26,21.29859333,56.79624889,433.0713978,354.9765556,Buey Mishi Kobe,Carnes,97.84666146
438,5,362,6,8,8.127015509,65.01612407,6,2015-09-26,21.29859333,56.79624889,433.0713978,354.9765556,Empanada de cerdo,Carnes,8.127015509
7,2,777,7,5,30.3964613,151.9823065,7,2017-03-09,6.061595648,96.98553037,709.2066908,606.1595648,Peras secas orgánicas del tío Bob,Frutas/Verduras,30.3964613
115,2,151,7,9,10.07297531,90.65677777,7,2017-03-09,6.061595648,96.98553037,709.2066908,606.1595648,Queso de soja Longlife,Frutas/Verduras,10.07297531
223,2,956,7,8,32.0813822,256.6510576,7,2017-03-09,6.061595648,96.98553037,709.2066908,606.1595648,Queso Mascarpone Fabioli,Lácteos,32.0813822
331,6,442,7,4,20.30376144,81.21504577,7,2017-03-09,6.061595648,96.98553037,709.2066908,606.1595648,Raviolis Angelo,Granos/Cereales,20.30376144
439,6,433,7,2,12.82718858,25.65437717,7,2017-03-09,6.061595648,96.98553037,709.2066908,606.1595648,Chocolate holandés,Repostería,12.82718858
8,1,28,8,3,46.40927627,139.2278288,8,2013-11-02,25.05789844,100.2315938,751.7369532,626.447461,Col fermentada Rössle,Frutas/Verduras,46.40927627
116,8,547,8,4,40.09240162,160.3696065,8,2013-11-02,25.05789844,100.2315938,751.7369532,626.447461,Salsa de arándanos Northwoods,Condimentos,40.09240162
224,8,569,8,1,26.50523967,26.50523967,8,2013-11-02,25.05789844,100.2315938,751.7369532,626.447461,Arenque blanco del noroeste,Pescado/Marisco,26.50523967
332,2,796,8,9,32.17347816,289.5613035,8,2013-11-02,25.05789844,100.2315938,751.7369532,626.447461,Ositos de goma Gumbär,Repostería,32.17347816
440,4,252,8,1,10.78348261,10.78348261,8,2013-11-02,25.05789844,100.2315938,751.7369532,626.447461,Bollos de Sir Rodney's,Repostería,10.78348261
9,9,634,9,8,63.30696608,506.4557286,9,2017-06-01,83.51685216,148.4744038,1159.95628,927.965024,Langostinos tigre Carnarvon,Pescado/Marisco,63.30696608
117,9,622,9,7,25.35439547,177.4807683,9,2017-06-01,83.51685216,148.4744038,1159.95628,927.965024,Mermelada de grosellas de la abuela,Condimentos,25.35439547
225,7,490,9,2,46.09151879,92.18303759,9,2017-06-01,83.51685216,148.4744038,1159.95628,927.965024,Col fermentada Rössle,Frutas/Verduras,46.09151879
333,2,824,9,3,7.812933454,23.43880036,9,2017-06-01,83.51685216,148.4744038,1159.95628,927.965024,Empanada de cerdo,Carnes,7.812933454
441,7,501,9,7,18.34381274,128.4066891,9,2017-06-01,83.51685216,148.4744038,1159.95628,927.965024,Licor verde Chartreuse,Bebidas,18.34381274
10,2,142,10,6,21.06463114,126.3877869,10,2012-12-10,4.503701217,72.05921948,526.9330424,450.3701217,Salsa de pimiento picante de Luisiana,Condimentos,21.06463114
118,2,134,10,4,20.10866828,80.43467311,10,2012-12-10,4.503701217,72.05921948,526.9330424,450.3701217,Raviolis Angelo,Granos/Cereales,20.10866828
226,10,727,10,4,14.99681645,59.98726578,10,2012-12-10,4.503701217,72.05921948,526.9330424,450.3701217,Cerveza Sasquatch,Bebidas,14.99681645
334,2,937,10,8,6.745722227,53.96577782,10,2012-12-10,4.503701217,72.05921948,526.9330424,450.3701217,Algas Konbu,Pescado/Marisco,6.745722227
442,8,615,10,7,18.51351688,129.5946182,10,2012-12-10,4.503701217,72.05921948,526.9330424,450.3701217,Licor Cloudberry,Bebidas,18.51351688
11,5,355,11,7,9.833916326,68.83741428,11,2018-05-02,53.17210044,94.52817857,738.501395,590.801116,Galletas Zaanse,Repostería,9.833916326
119,6,461,11,8,18.69517405,149.5613924,11,2018-05-02,53.17210044,94.52817857,738.501395,590.801116,Licor Cloudberry,Bebidas,18.69517405
227,8,541,11,9,19.67593395,177.0834055,11,2018-05-02,53.17210044,94.52817857,738.501395,590.801116,Cerveza tibetana Barley,Bebidas,19.67593395
335,2,904,11,8,20.35019194,162.8015355,11,2018-05-02,53.17210044,94.52817857,738.501395,590.801116,Raviolis Angelo,Granos/Cereales,20.35019194
443,2,92,11,2,16.25868416,32.51736832,11,2018-05-02,53.17210044,94.52817857,738.501395,590.801116,Salsa de soja baja en sodio,Condimentos,16.25868416
12,2,923,12,1,18.3746003,18.3746003,12,2011-01-15,33.66924169,76.95826672,591.6166754,480.989167,Licor Cloudberry,Bebidas,18.3746003
120,3,175,12,5,10.03211812,50.16059058,12,2011-01-15,33.66924169,76.95826672,591.6166754,480.989167,Bollos de Sir Rodney's,Repostería,10.03211812
228,9,687,12,4,21.55192483,86.20769933,12,2011-01-15,33.66924169,76.95826672,591.6166754,480.989167,Crema de queso Fløtemys,Lácteos,21.55192483
336,9,653,12,9,26.02876749,234.2589074,12,2011-01-15,33.66924169,76.95826672,591.6166754,480.989167,Salmón ahumado Gravad,Pescado/Marisco,26.02876749
444,8,567,12,2,45.99368467,91.98736934,12,2011-01-15,33.66924169,76.95826672,591.6166754,480.989167,Col fermentada Rössle,Frutas/Verduras,45.99368467
13,2,886,13,5,18.67864201,93.39321004,13,2014-10-06,43.10727284,76.63515171,598.7121227,478.9696982,Licor verde Chartreuse,Bebidas,18.67864201
121,10,761,13,2,13.41017712,26.82035424,13,2014-10-06,43.10727284,76.63515171,598.7121227,478.9696982,Barras de pan de Escocia,Repostería,13.41017712
229,4,296,13,7,21.05061576,147.3543103,13,2014-10-06,43.10727284,76.63515171,598.7121227,478.9696982,Salsa de pimiento picante de Luisiana,Condimentos,21.05061576
337,2,775,13,9,22.03689259,198.3320333,13,2014-10-06,43.10727284,76.63515171,598.7121227,478.9696982,Mezcla Gumbo del chef Anton,Condimentos,22.03689259
445,9,629,13,2,6.534895142,13.06979028,13,2014-10-06,43.10727284,76.63515171,598.7121227,478.9696982,Algas Konbu,Pescado/Marisco,6.534895142
14,2,909,14,3,50.02377721,150.0713316,14,2012-06-15,85.59968641,152.1772203,1188.884533,951.1076268,Tarta de azúcar,Repostería,50.02377721
122,1,34,14,5,14.8378703,74.18935151,14,2012-06-15,85.59968641,152.1772203,1188.884533,951.1076268,Cerveza Sasquatch,Bebidas,14.8378703
230,10,744,14,5,53.7791236,268.895618,14,2012-06-15,85.59968641,152.1772203,1188.884533,951.1076268,Manzanas secas Manjimup,Frutas/Verduras,53.7791236
338,2,104,14,7,44.81286629,313.690064,14,2012-06-15,85.59968641,152.1772203,1188.884533,951.1076268,Chocolate Schoggi,Repostería,44.81286629
446,3,230,14,8,18.03265769,144.2612615,14,2012-06-15,85.59968641,152.1772203,1188.884533,951.1076268,Licor Cloudberry,Bebidas,18.03265769
15,10,712,15,4,9.710916875,38.8436675,15,2015-10-21,20.24491358,80.97965432,607.3474074,506.1228395,Pastas de té de chocolate,Repostería,9.710916875
123,2,148,15,1,21.70027691,21.70027691,15,2015-10-21,20.24491358,80.97965432,607.3474074,506.1228395,Crema de queso Fløtemys,Lácteos,21.70027691
231,7,532,15,6,15.661987,93.97192201,15,2015-10-21,20.24491358,80.97965432,607.3474074,506.1228395,Cerveza Outback,Bebidas,15.661987
339,10,699,15,7,25.00874465,175.0612126,15,2015-10-21,20.24491358,80.97965432,607.3474074,506.1228395,Mermelada de grosellas de la abuela,Condimentos,25.00874465
447,9,620,15,8,22.06822006,176.5457605,15,2015-10-21,20.24491358,80.97965432,607.3474074,506.1228395,Especias Cajun del chef Anton,Condimentos,22.06822006
16,6,387,16,2,19.30982466,38.61964932,16,2015-02-15,19.6243369,62.79787809,474.9089531,392.4867381,Cerveza tibetana Barley,Bebidas,19.30982466
124,5,362,16,7,8.127015509,56.88910856,16,2015-02-15,19.6243369,62.79787809,474.9089531,392.4867381,Empanada de cerdo,Carnes,8.127015509
232,2,838,16,1,13.44800833,13.44800833,16,2015-02-15,19.6243369,62.79787809,474.9089531,392.4867381,Barras de pan de Escocia,Repostería,13.44800833
340,8,585,16,1,12.57485617,12.57485617,16,2015-02-15,19.6243369,62.79787809,474.9089531,392.4867381,Arenque salado,Pescado/Marisco,12.57485617
448,2,826,16,7,38.70787367,270.9551157,16,2015-02-15,19.6243369,62.79787809,474.9089531,392.4867381,Gnocchi de la abuela Alicia,Granos/Cereales,38.70787367
17,7,491,17,9,124.0692675,1116.623408,17,2014-09-24,88.74525628,236.6540168,1804.486878,1479.087605,Salchicha Thüringer,Carnes,124.0692675
125,4,288,17,8,19.84635175,158.770814,17,2014-09-24,88.74525628,236.6540168,1804.486878,1479.087605,Raviolis Angelo,Granos/Cereales,19.84635175
233,2,888,17,1,9.968905269,9.968905269,17,2014-09-24,88.74525628,236.6540168,1804.486878,1479.087605,Crema de almejas estilo Nueva Inglaterra,Pescado/Marisco,9.968905269
341,2,103,17,1,31.98764893,31.98764893,17,2014-09-24,88.74525628,236.6540168,1804.486878,1479.087605,Ositos de goma Gumbär,Repostería,31.98764893
449,8,590,17,3,53.91227631,161.7368289,17,2014-09-24,88.74525628,236.6540168,1804.486878,1479.087605,Manzanas secas Manjimup,Frutas/Verduras,53.91227631
18,4,264,18,8,3.159252039,25.27401631,18,2018-02-09,13.56873659,54.27494637,407.0620978,339.2184148,Queso de cabra,Lácteos,3.159252039
126,3,211,18,2,19.56007892,39.12015785,18,2018-02-09,13.56873659,54.27494637,407.0620978,339.2184148,Raviolis Angelo,Granos/Cereales,19.56007892
234,1,54,18,3,7.974979,23.924937,18,2018-02-09,13.56873659,54.27494637,407.0620978,339.2184148,Empanada de cerdo,Carnes,7.974979
342,5,379,18,2,21.57380701,43.14761402,18,2018-02-09,13.56873659,54.27494637,407.0620978,339.2184148,Crema de queso Fløtemys,Lácteos,21.57380701
450,1,60,18,6,34.6252816,207.7516896,18,2018-02-09,13.56873659,54.27494637,407.0620978,339.2184148,Camembert Pierrot,Lácteos,34.6252816
19,2,867,19,7,81.74822184,572.2375529,19,2014-11-15,72.00551834,230.4176587,1742.533544,1440.110367,Mermelada de Sir Rodney's,Repostería,81.74822184
127,3,187,19,1,2.711487669,2.711487669,19,2014-11-15,72.00551834,230.4176587,1742.533544,1440.110367,Queso de cabra,Lácteos,2.711487669
235,3,162,19,10,40.72552377,407.2552377,19,2014-11-15,72.00551834,230.4176587,1742.533544,1440.110367,Salsa de arándanos Northwoods,Condimentos,40.72552377
343,1,72,19,4,35.68624334,142.7449734,19,2014-11-15,72.00551834,230.4176587,1742.533544,1440.110367,Queso Mozzarella Giovanni,Lácteos,35.68624334
451,10,711,19,5,63.03222302,315.1611151,19,2014-11-15,72.00551834,230.4176587,1742.533544,1440.110367,Langostinos tigre Carnarvon,Pescado/Marisco,63.03222302
20,2,862,20,10,16.07243231,160.7243231,20,2010-12-06,27.93780376,89.40097204,676.094851,558.7560752,Salsa de soja baja en sodio,Condimentos,16.07243231
128,2,144,20,4,14.11901643,56.47606572,20,2010-12-06,27.93780376,89.40097204,676.094851,558.7560752,Cerveza Laughing Lumberjack,Bebidas,14.11901643
236,5,338,20,5,26.56857657,132.8428829,20,2010-12-06,27.93780376,89.40097204,676.094851,558.7560752,Arenque blanco del noroeste,Pescado/Marisco,26.56857657
344,8,560,20,3,10.72234769,32.16704308,20,2010-12-06,27.93780376,89.40097204,676.094851,558.7560752,Bollos de Sir Rodney's,Repostería,10.72234769
452,9,620,20,8,22.06822006,176.5457605,20,2010-12-06,27.93780376,89.40097204,676.094851,558.7560752,Especias Cajun del chef Anton,Condimentos,22.06822006
21,2,94,21,10,39.24159327,392.4159327,21,2019-07-26,9.453108789,151.2497406,1106.013728,945.3108789,Cordero Alice Springs,Carnes,39.24159327
129,9,677,21,4,29.03300064,116.1320025,21,2019-07-26,9.453108789,151.2497406,1106.013728,945.3108789,Sirope de arce,Condimentos,29.03300064
237,3,205,21,4,53.32631175,213.305247,21,2019-07-26,9.453108789,151.2497406,1106.013728,945.3108789,Manzanas secas Manjimup,Frutas/Verduras,53.32631175
345,4,291,21,2,34.24324495,68.48648991,21,2019-07-26,9.453108789,151.2497406,1106.013728,945.3108789,Camembert Pierrot,Lácteos,34.24324495
453,2,127,21,9,17.21902297,154.9712067,21,2019-07-26,9.453108789,151.2497406,1106.013728,945.3108789,Chocolate blanco,Repostería,17.21902297
22,2,94,22,6,39.24159327,235.4495596,22,2013-05-20,76.72384177,175.3687812,1348.147505,1096.054882,Cordero Alice Springs,Carnes,39.24159327
130,6,400,22,3,16.35353859,49.06061576,22,2013-05-20,76.72384177,175.3687812,1348.147505,1096.054882,Salsa de soja baja en sodio,Condimentos,16.35353859
238,8,606,22,3,14.01418996,42.04256989,22,2013-05-20,76.72384177,175.3687812,1348.147505,1096.054882,Cerveza Laughing Lumberjack,Bebidas,14.01418996
346,1,51,22,10,53.95452501,539.5452501,22,2013-05-20,76.72384177,175.3687812,1348.147505,1096.054882,Manzanas secas Manjimup,Frutas/Verduras,53.95452501
454,10,725,22,7,32.85098386,229.956887,22,2013-05-20,76.72384177,175.3687812,1348.147505,1096.054882,Queso Mascarpone Fabioli,Lácteos,32.85098386
23,5,340,23,6,32.47758751,194.8655251,23,2016-08-23,66.70066523,152.4586634,1172.025975,952.8666461,Queso Mascarpone Fabioli,Lácteos,32.47758751
131,4,245,23,10,23.55375669,235.5375669,23,2016-08-23,66.70066523,152.4586634,1172.025975,952.8666461,Cuajada de judías,Frutas/Verduras,23.55375669
239,2,971,23,2,9.970306229,19.94061246,23,2016-08-23,66.70066523,152.4586634,1172.025975,952.8666461,Galletas Zaanse,Repostería,9.970306229
347,4,237,23,9,25.96063821,233.6457439,23,2016-08-23,66.70066523,152.4586634,1172.025975,952.8666461,Mermelada de grosellas de la abuela,Condimentos,25.96063821
455,2,104,23,6,44.81286629,268.8771978,23,2016-08-23,66.70066523,152.4586634,1172.025975,952.8666461,Chocolate Schoggi,Repostería,44.81286629
24,2,120,24,8,46.08511347,368.6809077,24,2012-01-31,33.75541949,108.0173424,816.8811517,675.1083899,Café de Malasia,Bebidas,46.08511347
132,2,968,24,5,19.46667432,97.33337162,24,2012-01-31,33.75541949,108.0173424,816.8811517,675.1083899,Azúcar negra Malacca,Condimentos,19.46667432
240,2,817,24,5,9.61118631,48.05593155,24,2012-01-31,33.75541949,108.0173424,816.8811517,675.1083899,Galletas Zaanse,Repostería,9.61118631
348,2,122,24,4,9.977335295,39.90934118,24,2012-01-31,33.75541949,108.0173424,816.8811517,675.1083899,Arenque ahumado,Pescado/Marisco,9.977335295
456,2,827,24,6,20.18813963,121.1288378,24,2012-01-31,33.75541949,108.0173424,816.8811517,675.1083899,Raviolis Angelo,Granos/Cereales,20.18813963
25,9,641,25,10,14.7484968,147.484968,25,2014-09-02,43.27643717,230.8076649,1716.632008,1442.547906,Crema de chocolate y nueces NuNuCa,Repostería,14.7484968
133,2,856,25,10,97.99712643,979.9712643,25,2014-09-02,43.27643717,230.8076649,1716.632008,1442.547906,Buey Mishi Kobe,Carnes,97.99712643
241,6,421,25,10,19.9688619,199.688619,25,2014-09-02,43.27643717,230.8076649,1716.632008,1442.547906,Escabeche de arenque,Pescado/Marisco,19.9688619
349,8,564,25,6,14.35554141,86.13324843,25,2014-09-02,43.27643717,230.8076649,1716.632008,1442.547906,Crema de chocolate y nueces NuNuCa,Repostería,14.35554141
457,2,908,25,1,29.26980586,29.26980586,25,2014-09-02,43.27643717,230.8076649,1716.632008,1442.547906,Sirope de arce,Condimentos,29.26980586
26,2,882,26,10,18.21607689,182.1607689,26,2013-03-11,40.57866746,129.8517359,982.0037525,811.5733491,Cerveza negra Steeleye,Bebidas,18.21607689
134,4,261,26,5,26.35692421,131.7846211,26,2013-03-11,40.57866746,129.8517359,982.0037525,811.5733491,Arenque blanco del noroeste,Pescado/Marisco,26.35692421
242,2,945,26,6,10.40606685,62.43640108,26,2013-03-11,40.57866746,129.8517359,982.0037525,811.5733491,Bollos de Sir Rodney's,Repostería,10.40606685
350,10,750,26,4,19.58228117,78.32912466,26,2013-03-11,40.57866746,129.8517359,982.0037525,811.5733491,Raviolis Angelo,Granos/Cereales,19.58228117
458,1,72,26,10,35.68624334,356.8624334,26,2013-03-11,40.57866746,129.8517359,982.0037525,811.5733491,Queso Mozzarella Giovanni,Lácteos,35.68624334
27,7,473,27,10,21.87769664,218.7769664,27,2019-07-23,13.18300974,210.9281559,1542.41214,1318.300974,Queso Cabrales,Lácteos,21.87769664
135,5,351,27,10,46.69379344,466.9379344,27,2019-07-23,13.18300974,210.9281559,1542.41214,1318.300974,Café de Malasia,Bebidas,46.69379344
243,1,66,27,2,17.39545237,34.79090473,27,2019-07-23,13.18300974,210.9281559,1542.41214,1318.300974,Especias picantes de Luisiana,Condimentos,17.39545237
351,9,652,27,7,19.55428296,136.8799807,27,2019-07-23,13.18300974,210.9281559,1542.41214,1318.300974,Escabeche de arenque,Pescado/Marisco,19.55428296
459,7,490,27,10,46.09151879,460.9151879,27,2019-07-23,13.18300974,210.9281559,1542.41214,1318.300974,Col fermentada Rössle,Frutas/Verduras,46.09151879
28,8,541,28,6,19.67593395,118.0556037,28,2012-11-16,48.97933289,195.9173316,1469.379987,1224.483322,Cerveza tibetana Barley,Bebidas,19.67593395
136,2,787,28,8,39.377075,315.0166,28,2012-11-16,48.97933289,195.9173316,1469.379987,1224.483322,Cordero Alice Springs,Carnes,39.377075
244,7,471,28,6,97.4727905,584.836743,28,2012-11-16,48.97933289,195.9173316,1469.379987,1224.483322,Buey Mishi Kobe,Carnes,97.4727905
352,2,861,28,6,23.47516594,140.8509957,28,2012-11-16,48.97933289,195.9173316,1469.379987,1224.483322,Cuajada de judías,Frutas/Verduras,23.47516594
460,8,587,28,5,13.14467599,65.72337997,28,2012-11-16,48.97933289,195.9173316,1469.379987,1224.483322,Chocolate holandés,Repostería,13.14467599
29,5,349,29,10,9.667908886,96.67908886,29,2012-09-02,4.429122225,70.8659556,518.2073003,442.9122225,Crema de almejas estilo Nueva Inglaterra,Pescado/Marisco,9.667908886
137,2,124,29,8,10.01123556,80.08988448,29,2012-09-02,4.429122225,70.8659556,518.2073003,442.9122225,Galletas Zaanse,Repostería,10.01123556
245,1,55,29,3,24.85241757,74.55725271,29,2012-09-02,4.429122225,70.8659556,518.2073003,442.9122225,Paté chino,Carnes,24.85241757
353,4,294,29,3,44.23228491,132.6968547,29,2012-09-02,4.429122225,70.8659556,518.2073003,442.9122225,Sandwich de vegetales,Condimentos,44.23228491
461,2,872,29,4,14.72228542,58.88914168,29,2012-09-02,4.429122225,70.8659556,518.2073003,442.9122225,Crema de chocolate y nueces NuNuCa,Repostería,14.72228542
30,2,106,30,4,124.0299552,496.1198208,30,2016-06-08,82.33056892,146.3654559,1143.480124,914.7840991,Salchicha Thüringer,Carnes,124.0299552
138,2,138,30,2,28.64087907,57.28175814,30,2016-06-08,82.33056892,146.3654559,1143.480124,914.7840991,Sirope de arce,Condimentos,28.64087907
246,2,837,30,9,14.50927614,130.5834853,30,2016-06-08,82.33056892,146.3654559,1143.480124,914.7840991,Cerveza Laughing Lumberjack,Bebidas,14.50927614
354,3,155,30,7,18.89362824,132.2553977,30,2016-06-08,82.33056892,146.3654559,1143.480124,914.7840991,Té Dharamsala,Bebidas,18.89362824
462,7,485,30,10,9.854363718,98.54363718,30,2016-06-08,82.33056892,146.3654559,1143.480124,914.7840991,Pan fino,Granos/Cereales,9.854363718
31,3,166,31,5,38.52003969,192.6001985,31,2018-07-05,40.45319125,71.91678444,561.8498784,449.4799027,Queso Manchego La Pastora,Lácteos,38.52003969
139,8,575,31,1,19.91384266,19.91384266,31,2018-07-05,40.45319125,71.91678444,561.8498784,449.4799027,Escabeche de arenque,Pescado/Marisco,19.91384266
247,2,93,31,6,17.99799401,107.987964,31,2018-07-05,40.45319125,71.91678444,561.8498784,449.4799027,Postre de merengue Pavlova,Repostería,17.99799401
355,7,483,31,7,10.07822069,70.5475448,31,2018-07-05,40.45319125,71.91678444,561.8498784,449.4799027,Bollos de Sir Rodney's,Repostería,10.07822069
463,2,849,31,3,19.47678425,58.43035276,31,2018-07-05,40.45319125,71.91678444,561.8498784,449.4799027,Cerveza tibetana Barley,Bebidas,19.47678425
32,2,782,32,6,38.89236343,233.3541806,32,2016-06-30,27.69349731,110.7739892,830.8049192,692.3374327,Queso Manchego La Pastora,Lácteos,38.89236343
140,6,443,32,8,13.56912784,108.5530228,32,2016-06-30,27.69349731,110.7739892,830.8049192,692.3374327,Caracoles de Borgoña,Pescado/Marisco,13.56912784
248,2,78,32,4,18.49188585,73.96754341,32,2016-06-30,27.69349731,110.7739892,830.8049192,692.3374327,Té Dharamsala,Bebidas,18.49188585
356,6,456,32,8,21.91846384,175.3477107,32,2016-06-30,27.69349731,110.7739892,830.8049192,692.3374327,Crema de queso Fløtemys,Lácteos,21.91846384
464,2,102,32,7,14.44499646,101.1149752,32,2016-06-30,27.69349731,110.7739892,830.8049192,692.3374327,Crema de chocolate y nueces NuNuCa,Repostería,14.44499646
33,1,16,33,9,18.33808231,165.0427408,33,2012-07-01,47.5554486,95.11089721,737.1094533,594.4431075,Postre de merengue Pavlova,Repostería,18.33808231
141,2,927,33,3,10.9264201,32.77926031,33,2012-07-01,47.5554486,95.11089721,737.1094533,594.4431075,Sirope de regaliz,Condimentos,10.9264201
249,2,90,33,5,6.664984367,33.32492184,33,2012-07-01,47.5554486,95.11089721,737.1094533,594.4431075,Algas Konbu,Pescado/Marisco,6.664984367
357,3,197,33,6,46.74539981,280.4723988,33,2012-07-01,47.5554486,95.11089721,737.1094533,594.4431075,Café de Malasia,Bebidas,46.74539981
465,8,597,33,6,13.80396429,82.82378574,33,2012-07-01,47.5554486,95.11089721,737.1094533,594.4431075,Caracoles de Borgoña,Pescado/Marisco,13.80396429
34,1,15,34,6,15.85180353,95.11082118,34,2012-05-18,9.702415015,51.74621341,384.8624623,323.4138338,Salsa de soja baja en sodio,Condimentos,15.85180353
142,2,978,34,6,7.542785016,45.2567101,34,2012-05-18,9.702415015,51.74621341,384.8624623,323.4138338,Empanada de cerdo,Carnes,7.542785016
250,2,110,34,10,2.777578245,27.77578245,34,2012-05-18,9.702415015,51.74621341,384.8624623,323.4138338,Queso de cabra,Lácteos,2.777578245
358,2,891,34,7,20.03990895,140.2793626,34,2012-05-18,9.702415015,51.74621341,384.8624623,323.4138338,Azúcar negra Malacca,Condimentos,20.03990895
466,5,350,34,1,14.99115748,14.99115748,34,2012-05-18,9.702415015,51.74621341,384.8624623,323.4138338,Tallarines de Singapur,Granos/Cereales,14.99115748
35,9,633,35,8,39.32326966,314.5861572,35,2010-08-25,67.02443909,107.2391026,844.5079326,670.2443909,Cordero Alice Springs,Carnes,39.32326966
143,2,861,35,4,23.47516594,93.90066378,35,2010-08-25,67.02443909,107.2391026,844.5079326,670.2443909,Cuajada de judías,Frutas/Verduras,23.47516594
251,2,834,35,2,33.44786014,66.89572028,35,2010-08-25,67.02443909,107.2391026,844.5079326,670.2443909,Bollos de pan de Wimmer,Granos/Cereales,33.44786014
359,2,927,35,2,10.9264201,21.85284021,35,2010-08-25,67.02443909,107.2391026,844.5079326,670.2443909,Sirope de regaliz,Condimentos,10.9264201
467,6,440,35,7,24.71557278,173.0090094,35,2010-08-25,67.02443909,107.2391026,844.5079326,670.2443909,Paté chino,Carnes,24.71557278
36,1,53,36,9,32.8100791,295.2907119,36,2015-07-26,66.20734703,117.7019503,919.5464865,735.6371892,Empanada de carne,Carnes,32.8100791
144,4,273,36,4,14.5571648,58.2286592,36,2015-07-26,66.20734703,117.7019503,919.5464865,735.6371892,Tallarines de Singapur,Granos/Cereales,14.5571648
252,1,4,36,3,22.03746233,66.112387,36,2015-07-26,66.20734703,117.7019503,919.5464865,735.6371892,Especias Cajun del chef Anton,Condimentos,22.03746233
360,2,148,36,9,21.70027691,195.3024922,36,2015-07-26,66.20734703,117.7019503,919.5464865,735.6371892,Crema de queso Fløtemys,Lácteos,21.70027691
468,9,671,36,5,24.14058779,120.7029389,36,2015-07-26,66.20734703,117.7019503,919.5464865,735.6371892,Paté chino,Carnes,24.14058779
37,10,745,37,4,7.932364399,31.7294576,37,2010-09-17,9.068279636,72.54623709,535.0284985,453.4139818,Cereales para Filo,Granos/Cereales,7.932364399
145,7,470,37,7,40.20749152,281.4524406,37,2010-09-17,9.068279636,72.54623709,535.0284985,453.4139818,Salsa de arándanos Northwoods,Condimentos,40.20749152
253,7,481,37,2,9.96902632,19.93805264,37,2010-09-17,9.068279636,72.54623709,535.0284985,453.4139818,Pastas de té de chocolate,Repostería,9.96902632
361,5,347,37,3,18.09435099,54.28305297,37,2010-09-17,9.068279636,72.54623709,535.0284985,453.4139818,Licor verde Chartreuse,Bebidas,18.09435099
469,5,312,37,3,22.00365932,66.01097795,37,2010-09-17,9.068279636,72.54623709,535.0284985,453.4139818,Especias Cajun del chef Anton,Condimentos,22.00365932
38,3,186,38,5,32.26806279,161.340314,38,2012-08-14,33.33939641,88.9050571,677.9010604,555.6566069,Queso Mascarpone Fabioli,Lácteos,32.26806279
146,1,69,38,2,36.97950302,73.95900604,38,2012-08-14,33.33939641,88.9050571,677.9010604,555.6566069,Queso Gudbrandsdals,Lácteos,36.97950302
254,1,46,38,1,12.36410799,12.36410799,38,2012-08-14,33.33939641,88.9050571,677.9010604,555.6566069,Arenque salado,Pescado/Marisco,12.36410799
362,2,975,38,2,53.71829498,107.43659,38,2012-08-14,33.33939641,88.9050571,677.9010604,555.6566069,Manzanas secas Manjimup,Frutas/Verduras,53.71829498
470,4,239,38,5,40.11131778,200.5565889,38,2012-08-14,33.33939641,88.9050571,677.9010604,555.6566069,Salsa de arándanos Northwoods,Condimentos,40.11131778
39,9,637,39,7,10.38384383,72.6869068,39,2017-01-07,30.71196149,70.19876912,539.6530376,438.742307,Bollos de Sir Rodney's,Repostería,10.38384383
147,10,725,39,6,32.85098386,197.1059032,39,2017-01-07,30.71196149,70.19876912,539.6530376,438.742307,Queso Mascarpone Fabioli,Lácteos,32.85098386
255,9,649,39,5,2.787433259,13.93716629,39,2017-01-07,30.71196149,70.19876912,539.6530376,438.742307,Queso de cabra,Lácteos,2.787433259
363,5,358,39,7,16.80314037,117.6219826,39,2017-01-07,30.71196149,70.19876912,539.6530376,438.742307,Chocolate blanco,Repostería,16.80314037
471,6,461,39,2,18.69517405,37.39034809,39,2017-01-07,30.71196149,70.19876912,539.6530376,438.742307,Licor Cloudberry,Bebidas,18.69517405
40,1,55,40,4,24.85241757,99.40967028,40,2019-08-20,10.77032015,43.08128058,323.1096044,269.2580037,Paté chino,Carnes,24.85241757
148,9,681,40,4,21.63495206,86.53980824,40,2019-08-20,10.77032015,43.08128058,323.1096044,269.2580037,Salsa de pimiento picante de Luisiana,Condimentos,21.63495206
256,5,383,40,4,8.201158326,32.80463331,40,2019-08-20,10.77032015,43.08128058,323.1096044,269.2580037,Cerveza Klosterbier Rhönbräu,Bebidas,8.201158326
364,3,187,40,2,2.711487669,5.422975338,40,2019-08-20,10.77032015,43.08128058,323.1096044,269.2580037,Queso de cabra,Lácteos,2.711487669
472,2,100,40,5,9.016183297,45.08091649,40,2019-08-20,10.77032015,43.08128058,323.1096044,269.2580037,Pan fino,Granos/Cereales,9.016183297
41,1,70,41,2,15.68785436,31.37570871,41,2016-04-12,16.87497944,67.49991774,506.2493831,421.8744859,Cerveza Outback,Bebidas,15.68785436
149,1,3,41,2,10.6161811,21.2323622,41,2016-04-12,16.87497944,67.49991774,506.2493831,421.8744859,Sirope de regaliz,Condimentos,10.6161811
257,2,771,41,2,18.27152779,36.54305557,41,2016-04-12,16.87497944,67.49991774,506.2493831,421.8744859,Té Dharamsala,Bebidas,18.27152779
365,3,164,41,10,31.40141207,314.0141207,41,2016-04-12,16.87497944,67.49991774,506.2493831,421.8744859,Pez espada,Pescado/Marisco,31.40141207
473,6,386,41,1,18.70923874,18.70923874,41,2016-04-12,16.87497944,67.49991774,506.2493831,421.8744859,Té Dharamsala,Bebidas,18.70923874
42,9,630,42,4,23.46704695,93.86818781,42,2012-09-10,10.92521069,87.40168552,644.5874307,546.2605345,Cuajada de judías,Frutas/Verduras,23.46704695
150,10,768,42,10,8.425342155,84.25342155,42,2012-09-10,10.92521069,87.40168552,644.5874307,546.2605345,Cerveza Klosterbier Rhönbräu,Bebidas,8.425342155
258,1,34,42,3,14.8378703,44.51361091,42,2012-09-10,10.92521069,87.40168552,644.5874307,546.2605345,Cerveza Sasquatch,Bebidas,14.8378703
366,5,368,42,8,34.50118169,276.0094535,42,2012-09-10,10.92521069,87.40168552,644.5874307,546.2605345,Camembert Pierrot,Lácteos,34.50118169
474,8,586,42,5,9.523172138,47.61586069,42,2012-09-10,10.92521069,87.40168552,644.5874307,546.2605345,Galletas Zaanse,Repostería,9.523172138
43,4,290,43,2,55.82523672,111.6504734,43,2010-10-04,53.83966056,107.6793211,834.5147386,672.995757,Raclet de queso Courdavault,Lácteos,55.82523672
151,6,428,43,1,46.16676918,46.16676918,43,2010-10-04,53.83966056,107.6793211,834.5147386,672.995757,Café de Malasia,Bebidas,46.16676918
259,9,691,43,2,8.581994391,17.16398878,43,2010-10-04,53.83966056,107.6793211,834.5147386,672.995757,Cerveza Klosterbier Rhönbräu,Bebidas,8.581994391
367,9,686,43,7,15.44619479,108.1233635,43,2010-10-04,53.83966056,107.6793211,834.5147386,672.995757,Cerveza Outback,Bebidas,15.44619479
475,7,471,43,4,97.4727905,389.891162,43,2010-10-04,53.83966056,107.6793211,834.5147386,672.995757,Buey Mishi Kobe,Carnes,97.4727905
44,2,95,44,9,62.84888675,565.6399807,44,2011-02-08,61.70121187,197.443878,1493.169327,1234.024237,Langostinos tigre Carnarvon,Pescado/Marisco,62.84888675
152,5,340,44,6,32.47758751,194.8655251,44,2011-02-08,61.70121187,197.443878,1493.169327,1234.024237,Queso Mascarpone Fabioli,Lácteos,32.47758751
260,2,116,44,2,18.82349827,37.64699653,44,2011-02-08,61.70121187,197.443878,1493.169327,1234.024237,Licor verde Chartreuse,Bebidas,18.82349827
368,6,400,44,9,16.35353859,147.1818473,44,2011-02-08,61.70121187,197.443878,1493.169327,1234.024237,Salsa de soja baja en sodio,Condimentos,16.35353859
476,1,61,44,10,28.86898878,288.6898878,44,2011-02-08,61.70121187,197.443878,1493.169327,1234.024237,Sirope de arce,Condimentos,28.86898878
45,6,457,45,3,34.83046167,104.491385,45,2010-04-24,44.17570513,100.9730403,776.2302472,631.0815018,Queso Mozzarella Giovanni,Lácteos,34.83046167
153,5,328,45,1,81.80392055,81.80392055,45,2010-04-24,44.17570513,100.9730403,776.2302472,631.0815018,Mermelada de Sir Rodney's,Repostería,81.80392055
261,1,42,45,9,14.69856241,132.2870617,45,2010-04-24,44.17570513,100.9730403,776.2302472,631.0815018,Tallarines de Singapur,Granos/Cereales,14.69856241
369,8,600,45,8,29.18767569,233.5014056,45,2010-04-24,44.17570513,100.9730403,776.2302472,631.0815018,Sirope de arce,Condimentos,29.18767569
477,9,664,45,6,13.16628816,78.99772897,45,2010-04-24,44.17570513,100.9730403,776.2302472,631.0815018,Chocolate holandés,Repostería,13.16628816
46,2,837,46,9,14.50927614,130.5834853,46,2018-07-30,13.08190404,104.6552324,771.8323386,654.0952022,Cerveza Laughing Lumberjack,Bebidas,14.50927614
154,8,580,46,4,10.40079126,41.60316505,46,2018-07-30,13.08190404,104.6552324,771.8323386,654.0952022,Crema de almejas estilo Nueva Inglaterra,Pescado/Marisco,10.40079126
262,2,137,46,7,34.85033525,243.9523468,46,2018-07-30,13.08190404,104.6552324,771.8323386,654.0952022,Camembert Pierrot,Lácteos,34.85033525
370,6,393,46,1,40.52654245,40.52654245,46,2018-07-30,13.08190404,104.6552324,771.8323386,654.0952022,Salsa de arándanos Northwoods,Condimentos,40.52654245
478,2,841,46,9,21.93662919,197.4296627,46,2018-07-30,13.08190404,104.6552324,771.8323386,654.0952022,Crema de queso Fløtemys,Lácteos,21.93662919
47,10,702,47,7,97.03223193,679.2256235,47,2011-01-23,44.36119319,236.5930304,1759.660663,1478.70644,Buey Mishi Kobe,Carnes,97.03223193
155,2,132,47,10,24.94118899,249.4118899,47,2011-01-23,44.36119319,236.5930304,1759.660663,1478.70644,Paté chino,Carnes,24.94118899
263,1,10,47,9,31.16273748,280.4646373,47,2011-01-23,44.36119319,236.5930304,1759.660663,1478.70644,Pez espada,Pescado/Marisco,31.16273748
371,5,358,47,7,16.80314037,117.6219826,47,2011-01-23,44.36119319,236.5930304,1759.660663,1478.70644,Chocolate blanco,Repostería,16.80314037
479,2,777,47,5,30.3964613,151.9823065,47,2011-01-23,44.36119319,236.5930304,1759.660663,1478.70644,Peras secas orgánicas del tío Bob,Frutas/Verduras,30.3964613
48,7,533,48,2,21.81440946,43.62881891,48,2014-05-17,8.057559998,128.92096,942.7345197,805.7559998,Crema de queso Fløtemys,Lácteos,21.81440946
156,7,484,48,9,21.06522221,189.5869999,48,2014-05-17,8.057559998,128.92096,942.7345197,805.7559998,Pan de centeno crujiente estilo Gustaf's,Granos/Cereales,21.06522221
264,1,17,48,9,39.30107612,353.7096851,48,2014-05-17,8.057559998,128.92096,942.7345197,805.7559998,Cordero Alice Springs,Carnes,39.30107612
372,2,935,48,6,21.72848086,130.3708851,48,2014-05-17,8.057559998,128.92096,942.7345197,805.7559998,Queso Cabrales,Lácteos,21.72848086
480,4,298,48,6,14.74326845,88.4596107,48,2014-05-17,8.057559998,128.92096,942.7345197,805.7559998,Cerveza Laughing Lumberjack,Bebidas,14.74326845
49,4,273,49,9,14.5571648,131.0144832,49,2019-12-05,83.47558767,166.9511753,1293.871609,1043.444846,Tallarines de Singapur,Granos/Cereales,14.5571648
157,8,605,49,9,17.42700882,156.8430794,49,2019-12-05,83.47558767,166.9511753,1293.871609,1043.444846,Especias picantes de Luisiana,Condimentos,17.42700882
265,9,625,49,1,97.67998037,97.67998037,49,2019-12-05,83.47558767,166.9511753,1293.871609,1043.444846,Buey Mishi Kobe,Carnes,97.67998037
373,6,418,49,7,3.452068761,24.16448133,49,2019-12-05,83.47558767,166.9511753,1293.871609,1043.444846,Queso de cabra,Lácteos,3.452068761
481,5,326,49,10,63.37428216,633.7428216,49,2019-12-05,83.47558767,166.9511753,1293.871609,1043.444846,Langostinos tigre Carnarvon,Pescado/Marisco,63.37428216
50,6,393,50,3,40.52654245,121.5796274,50,2015-10-24,29.39335995,78.38229319,597.6649856,489.8893324,Salsa de arándanos Northwoods,Condimentos,40.52654245
158,3,191,50,6,26.14412197,156.8647318,50,2015-10-24,29.39335995,78.38229319,597.6649856,489.8893324,Salmón ahumado Gravad,Pescado/Marisco,26.14412197
266,3,230,50,1,18.03265769,18.03265769,50,2015-10-24,29.39335995,78.38229319,597.6649856,489.8893324,Licor Cloudberry,Bebidas,18.03265769
374,2,918,50,2,21.57173053,43.14346106,50,2015-10-24,29.39335995,78.38229319,597.6649856,489.8893324,Crema de queso Fløtemys,Lácteos,21.57173053
482,2,963,50,8,18.78360681,150.2688545,50,2015-10-24,29.39335995,78.38229319,597.6649856,489.8893324,Licor verde Chartreuse,Bebidas,18.78360681
51,5,352,51,7,20.05773097,140.4041168,51,2014-02-11,30.98306973,99.14582314,749.7902875,619.6613946,Azúcar negra Malacca,Condimentos,20.05773097
159,2,822,51,3,7.037123575,21.11137073,51,2014-02-11,30.98306973,99.14582314,749.7902875,619.6613946,Cereales para Filo,Granos/Cereales,7.037123575
267,2,80,51,9,10.22245724,92.0021152,51,2014-02-11,30.98306973,99.14582314,749.7902875,619.6613946,Sirope de regaliz,Condimentos,10.22245724
375,2,838,51,5,13.44800833,67.24004166,51,2014-02-11,30.98306973,99.14582314,749.7902875,619.6613946,Barras de pan de Escocia,Repostería,13.44800833
483,7,515,51,9,33.2115278,298.9037502,51,2014-02-11,30.98306973,99.14582314,749.7902875,619.6613946,Empanada de carne,Carnes,33.2115278
52,10,736,52,5,46.01807783,230.0903891,52,2013-12-26,67.15001502,153.4857486,1179.921693,959.2859289,Café de Malasia,Bebidas,46.01807783
160,4,267,52,7,19.6016139,137.2112973,52,2013-12-26,67.15001502,153.4857486,1179.921693,959.2859289,Escabeche de arenque,Pescado/Marisco,19.6016139
268,2,954,52,7,26.64072765,186.4850936,52,2013-12-26,67.15001502,153.4857486,1179.921693,959.2859289,Arenque blanco del noroeste,Pescado/Marisco,26.64072765
376,2,876,52,3,124.7501441,374.2504322,52,2013-12-26,67.15001502,153.4857486,1179.921693,959.2859289,Salchicha Thüringer,Carnes,124.7501441
484,7,495,52,9,3.472079626,31.24871663,52,2013-12-26,67.15001502,153.4857486,1179.921693,959.2859289,Queso de cabra,Lácteos,3.472079626
53,4,308,53,3,13.33060334,39.99181003,53,2011-05-26,53.50498469,95.11997279,743.1247874,594.4998299,Salsa verde original Frankfurter,Condimentos,13.33060334
161,2,839,53,3,36.50647723,109.5194317,53,2011-05-26,53.50498469,95.11997279,743.1247874,594.4998299,Queso Gudbrandsdals,Lácteos,36.50647723
269,2,874,53,5,44.26755415,221.3377708,53,2011-05-26,53.50498469,95.11997279,743.1247874,594.4998299,Chocolate Schoggi,Repostería,44.26755415
377,2,921,53,1,10.15557777,10.15557777,53,2011-05-26,53.50498469,95.11997279,743.1247874,594.4998299,Queso de soja Longlife,Frutas/Verduras,10.15557777
485,5,380,53,6,35.58253994,213.4952397,53,2011-05-26,53.50498469,95.11997279,743.1247874,594.4998299,Queso Mozzarella Giovanni,Lácteos,35.58253994
54,5,310,54,5,19.393215,96.96607501,54,2011-04-06,93.42116526,166.0820716,1297.516184,1038.012947,Cerveza tibetana Barley,Bebidas,19.393215
162,10,694,54,6,18.8377256,113.0263536,54,2011-04-06,93.42116526,166.0820716,1297.516184,1038.012947,Té Dharamsala,Bebidas,18.8377256
270,5,315,54,10,30.93390132,309.3390132,54,2011-04-06,93.42116526,166.0820716,1297.516184,1038.012947,Peras secas orgánicas del tío Bob,Frutas/Verduras,30.93390132
378,1,52,54,3,7.751496899,23.2544907,54,2011-04-06,93.42116526,166.0820716,1297.516184,1038.012947,Cereales para Filo,Granos/Cereales,7.751496899
486,6,414,54,4,123.8567537,495.4270149,54,2011-04-06,93.42116526,166.0820716,1297.516184,1038.012947,Salchicha Thüringer,Carnes,123.8567537
55,6,406,55,2,10.29747771,20.59495543,55,2013-03-15,41.52303675,66.43685881,523.1902631,415.2303675,Bollos de Sir Rodney's,Repostería,10.29747771
163,7,523,55,7,29.19649522,204.3754665,55,2013-03-15,41.52303675,66.43685881,523.1902631,415.2303675,Sirope de arce,Condimentos,29.19649522
271,2,914,55,2,14.43250216,28.86500433,55,2013-03-15,41.52303675,66.43685881,523.1902631,415.2303675,Cerveza Laughing Lumberjack,Bebidas,14.43250216
379,5,318,55,4,31.09195473,124.3678189,55,2013-03-15,41.52303675,66.43685881,523.1902631,415.2303675,Pez espada,Pescado/Marisco,31.09195473
487,10,733,55,2,18.51356117,37.02712234,55,2013-03-15,41.52303675,66.43685881,523.1902631,415.2303675,Carne de cangrejo de Boston,Pescado/Marisco,18.51356117
56,6,426,56,8,10.16882053,81.35056421,56,2012-07-29,21.15599992,112.8319996,839.187997,705.1999975,Crema de almejas estilo Nueva Inglaterra,Pescado/Marisco,10.16882053
164,10,754,56,8,28.71016005,229.6812804,56,2012-07-29,21.15599992,112.8319996,839.187997,705.1999975,Sirope de arce,Condimentos,28.71016005
272,9,626,56,9,31.46927228,283.2234505,56,2012-07-29,21.15599992,112.8319996,839.187997,705.1999975,Pez espada,Pescado/Marisco,31.46927228
380,7,501,56,4,18.34381274,73.37525094,56,2012-07-29,21.15599992,112.8319996,839.187997,705.1999975,Licor verde Chartreuse,Bebidas,18.34381274
488,3,185,56,3,12.52315048,37.56945143,56,2012-07-29,21.15599992,112.8319996,839.187997,705.1999975,Queso gorgonzola Telino,Lácteos,12.52315048
57,3,172,57,9,63.24779762,569.2301786,57,2012-03-06,23.11359024,123.2724813,916.8390796,770.4530081,Langostinos tigre Carnarvon,Pescado/Marisco,63.24779762
165,8,560,57,4,10.72234769,42.88939078,57,2012-03-06,23.11359024,123.2724813,916.8390796,770.4530081,Bollos de Sir Rodney's,Repostería,10.72234769
273,6,461,57,1,18.69517405,18.69517405,57,2012-03-06,23.11359024,123.2724813,916.8390796,770.4530081,Licor Cloudberry,Bebidas,18.69517405
381,2,939,57,2,16.2375917,32.4751834,57,2012-03-06,23.11359024,123.2724813,916.8390796,770.4530081,Salsa de soja baja en sodio,Condimentos,16.2375917
489,4,236,57,5,21.43261626,107.1630813,57,2012-03-06,23.11359024,123.2724813,916.8390796,770.4530081,Mezcla Gumbo del chef Anton,Condimentos,21.43261626
58,4,278,58,9,10.47860587,94.30745286,58,2010-05-18,59.76107954,106.2419192,830.0149936,664.0119949,Galletas Zaanse,Repostería,10.47860587
166,9,639,58,7,9.934316675,69.54021672,58,2010-05-18,59.76107954,106.2419192,830.0149936,664.0119949,Pan fino,Granos/Cereales,9.934316675
274,10,759,58,10,17.51401149,175.1401149,58,2010-05-18,59.76107954,106.2419192,830.0149936,664.0119949,Especias picantes de Luisiana,Condimentos,17.51401149
382,6,438,58,5,33.73344434,168.6672217,58,2010-05-18,59.76107954,106.2419192,830.0149936,664.0119949,Empanada de carne,Carnes,33.73344434
490,7,535,58,10,15.63569887,156.3569887,58,2010-05-18,59.76107954,106.2419192,830.0149936,664.0119949,Caviar rojo,Pescado/Marisco,15.63569887
59,3,179,59,7,14.44490769,101.1143538,59,2010-08-06,11.35856468,90.86851742,670.1553159,567.9282339,Crema de chocolate y nueces NuNuCa,Repostería,14.44490769
167,10,712,59,10,9.710916875,97.10916875,59,2010-08-06,11.35856468,90.86851742,670.1553159,567.9282339,Pastas de té de chocolate,Repostería,9.710916875
275,2,867,59,1,81.74822184,81.74822184,59,2010-08-06,11.35856468,90.86851742,670.1553159,567.9282339,Mermelada de Sir Rodney's,Repostería,81.74822184
383,2,132,59,9,24.94118899,224.4707009,59,2010-08-06,11.35856468,90.86851742,670.1553159,567.9282339,Paté chino,Carnes,24.94118899
491,2,88,59,3,21.16192952,63.48578857,59,2010-08-06,11.35856468,90.86851742,670.1553159,567.9282339,Queso Cabrales,Lácteos,21.16192952
60,3,158,60,7,22.26556627,155.8589639,60,2013-02-13,29.38810975,156.7365853,1165.728354,979.6036584,Especias Cajun del chef Anton,Condimentos,22.26556627
168,2,833,60,7,44.67821506,312.7475054,60,2013-02-13,29.38810975,156.7365853,1165.728354,979.6036584,Sandwich de vegetales,Condimentos,44.67821506
276,9,656,60,9,19.14880711,172.339264,60,2013-02-13,29.38810975,156.7365853,1165.728354,979.6036584,Carne de cangrejo de Boston,Pescado/Marisco,19.14880711
384,1,50,60,6,17.06701667,102.4021,60,2013-02-13,29.38810975,156.7365853,1165.728354,979.6036584,Chocolate blanco,Repostería,17.06701667
492,9,646,60,9,26.25064724,236.2558252,60,2013-02-13,29.38810975,156.7365853,1165.728354,979.6036584,Arenque blanco del noroeste,Pescado/Marisco,26.25064724
61,8,586,61,3,9.523172138,28.56951641,61,2019-03-20,57.85126019,154.2700272,1176.308957,964.1876699,Galletas Zaanse,Repostería,9.523172138
169,3,229,61,10,8.547472996,85.47472996,61,2019-03-20,57.85126019,154.2700272,1176.308957,964.1876699,Cerveza Klosterbier Rhönbräu,Bebidas,8.547472996
277,1,31,61,1,13.34236425,13.34236425,61,2019-03-20,57.85126019,154.2700272,1176.308957,964.1876699,Queso gorgonzola Telino,Lácteos,13.34236425
385,2,113,61,8,19.54351405,156.3481124,61,2019-03-20,57.85126019,154.2700272,1176.308957,964.1876699,Escabeche de arenque,Pescado/Marisco,19.54351405
493,2,86,61,7,97.20756385,680.4529469,61,2019-03-20,57.85126019,154.2700272,1176.308957,964.1876699,Buey Mishi Kobe,Carnes,97.20756385
62,3,158,62,1,22.26556627,22.26556627,62,2016-06-08,12.11883886,19.39014218,152.6973696,121.1883886,Especias Cajun del chef Anton,Condimentos,22.26556627
170,2,90,62,1,6.664984367,6.664984367,62,2016-06-08,12.11883886,19.39014218,152.6973696,121.1883886,Algas Konbu,Pescado/Marisco,6.664984367
278,2,794,62,6,5.123023987,30.73814392,62,2016-06-08,12.11883886,19.39014218,152.6973696,121.1883886,Refresco Guaraná Fantástica,Bebidas,5.123023987
386,10,694,62,3,18.8377256,56.51317681,62,2016-06-08,12.11883886,19.39014218,152.6973696,121.1883886,Té Dharamsala,Bebidas,18.8377256
494,10,717,62,1,5.006517244,5.006517244,62,2016-06-08,12.11883886,19.39014218,152.6973696,121.1883886,Refresco Guaraná Fantástica,Bebidas,5.006517244
63,2,897,63,1,16.32269425,16.32269425,63,2014-02-04,22.41108929,71.71548572,542.3483607,448.2217857,Chocolate blanco,Repostería,16.32269425
171,1,39,63,6,18.91807673,113.5084604,63,2014-02-04,22.41108929,71.71548572,542.3483607,448.2217857,Licor verde Chartreuse,Bebidas,18.91807673
279,3,215,63,7,29.26474852,204.8532397,63,2014-02-04,22.41108929,71.71548572,542.3483607,448.2217857,Sirope de arce,Condimentos,29.26474852
387,10,708,63,5,15.88847983,79.44239917,63,2014-02-04,22.41108929,71.71548572,542.3483607,448.2217857,Salsa de soja baja en sodio,Condimentos,15.88847983
495,4,295,63,1,34.09499228,34.09499228,63,2014-02-04,22.41108929,71.71548572,542.3483607,448.2217857,Bollos de pan de Wimmer,Granos/Cereales,34.09499228
64,2,861,64,2,23.47516594,46.95033189,64,2010-01-12,20.69415809,66.22130588,500.7986258,413.8831618,Cuajada de judías,Frutas/Verduras,23.47516594
172,2,972,64,6,13.04976127,78.29856765,64,2010-01-12,20.69415809,66.22130588,500.7986258,413.8831618,Chocolate holandés,Repostería,13.04976127
280,5,332,64,9,4.931652125,44.38486913,64,2010-01-12,20.69415809,66.22130588,500.7986258,413.8831618,Refresco Guaraná Fantástica,Bebidas,4.931652125
388,10,718,64,10,14.8550035,148.550035,64,2010-01-12,20.69415809,66.22130588,500.7986258,413.8831618,Crema de chocolate y nueces NuNuCa,Repostería,14.8550035
496,4,301,64,6,15.94989303,95.69935816,64,2010-01-12,20.69415809,66.22130588,500.7986258,413.8831618,Cerveza Outback,Bebidas,15.94989303
65,2,925,65,10,18.33123911,183.3123911,65,2014-03-07,53.58359689,122.4767929,941.5403454,765.4799556,Té Dharamsala,Bebidas,18.33123911
173,1,23,65,4,9.768180234,39.07272093,65,2014-03-07,53.58359689,122.4767929,941.5403454,765.4799556,Pan fino,Granos/Cereales,9.768180234
281,5,371,65,5,44.56455453,222.8227727,65,2014-03-07,53.58359689,122.4767929,941.5403454,765.4799556,Sandwich de vegetales,Condimentos,44.56455453
389,5,370,65,3,49.47955872,148.4386762,65,2014-03-07,53.58359689,122.4767929,941.5403454,765.4799556,Tarta de azúcar,Repostería,49.47955872
497,7,512,65,10,17.18333948,171.8333948,65,2014-03-07,53.58359689,122.4767929,941.5403454,765.4799556,Chocolate blanco,Repostería,17.18333948
66,8,550,66,3,21.87198688,65.61596063,66,2016-01-17,22.48227096,71.94326707,544.0709572,449.6454192,Queso Cabrales,Lácteos,21.87198688
174,6,440,66,2,24.71557278,49.43114555,66,2016-01-17,22.48227096,71.94326707,544.0709572,449.6454192,Paté chino,Carnes,24.71557278
282,2,134,66,1,20.10866828,20.10866828,66,2016-01-17,22.48227096,71.94326707,544.0709572,449.6454192,Raviolis Angelo,Granos/Cereales,20.10866828
390,7,467,66,10,21.75232751,217.5232751,66,2016-01-17,22.48227096,71.94326707,544.0709572,449.6454192,Mezcla Gumbo del chef Anton,Condimentos,21.75232751
498,2,850,66,9,10.77404107,96.96636965,66,2016-01-17,22.48227096,71.94326707,544.0709572,449.6454192,Sirope de regaliz,Condimentos,10.77404107
67,1,51,67,3,53.95452501,161.863575,67,2012-05-12,59.59198348,190.6943471,1442.126,1191.83967,Manzanas secas Manjimup,Frutas/Verduras,53.95452501
175,7,475,67,4,6.036699306,24.14679723,67,2012-05-12,59.59198348,190.6943471,1442.126,1191.83967,Algas Konbu,Pescado/Marisco,6.036699306
283,6,414,67,6,123.8567537,743.1405223,67,2012-05-12,59.59198348,190.6943471,1442.126,1191.83967,Salchicha Thüringer,Carnes,123.8567537
391,2,795,67,7,14.75390222,103.2773155,67,2012-05-12,59.59198348,190.6943471,1442.126,1191.83967,Crema de chocolate y nueces NuNuCa,Repostería,14.75390222
499,5,338,67,6,26.56857657,159.4114594,67,2012-05-12,59.59198348,190.6943471,1442.126,1191.83967,Arenque blanco del noroeste,Pescado/Marisco,26.56857657
68,2,871,68,2,5.095789101,10.1915782,68,2018-09-13,46.59010229,74.54416366,587.0352889,465.9010229,Refresco Guaraná Fantástica,Bebidas,5.095789101
176,4,288,68,8,19.84635175,158.770814,68,2018-09-13,46.59010229,74.54416366,587.0352889,465.9010229,Raviolis Angelo,Granos/Cereales,19.84635175
284,2,131,68,3,7.465733321,22.39719996,68,2018-09-13,46.59010229,74.54416366,587.0352889,465.9010229,Empanada de cerdo,Carnes,7.465733321
392,7,520,68,5,13.75722685,68.78613424,68,2018-09-13,46.59010229,74.54416366,587.0352889,465.9010229,Caracoles de Borgoña,Pescado/Marisco,13.75722685
500,4,235,68,9,22.86169961,205.7552965,68,2018-09-13,46.59010229,74.54416366,587.0352889,465.9010229,Especias Cajun del chef Anton,Condimentos,22.86169961
69,7,467,69,4,21.75232751,87.00931003,69,2018-04-06,34.56447884,55.30316614,435.5124334,345.6447884,Mezcla Gumbo del chef Anton,Condimentos,21.75232751
177,8,571,69,5,32.10076315,160.5038157,69,2018-04-06,34.56447884,55.30316614,435.5124334,345.6447884,Queso Mascarpone Fabioli,Lácteos,32.10076315
285,2,783,69,5,6.318575291,31.59287645,69,2018-04-06,34.56447884,55.30316614,435.5124334,345.6447884,Algas Konbu,Pescado/Marisco,6.318575291
393,6,422,69,1,26.71426321,26.71426321,69,2018-04-06,34.56447884,55.30316614,435.5124334,345.6447884,Salmón ahumado Gravad,Pescado/Marisco,26.71426321
501,2,96,69,4,9.956130736,39.82452294,69,2018-04-06,34.56447884,55.30316614,435.5124334,345.6447884,Pastas de té de chocolate,Repostería,9.956130736
70,5,309,70,5,18.20663275,91.03316373,70,2016-08-02,39.30123257,78.60246515,609.1691049,491.2654072,Té Dharamsala,Bebidas,18.20663275
178,5,345,70,8,26.72158713,213.7726971,70,2016-08-02,39.30123257,78.60246515,609.1691049,491.2654072,Salmón ahumado Gravad,Pescado/Marisco,26.72158713
286,6,442,70,4,20.30376144,81.21504577,70,2016-08-02,39.30123257,78.60246515,609.1691049,491.2654072,Raviolis Angelo,Granos/Cereales,20.30376144
394,2,136,70,1,55.97268202,55.97268202,70,2016-08-02,39.30123257,78.60246515,609.1691049,491.2654072,Raclet de queso Courdavault,Lácteos,55.97268202
502,7,485,70,5,9.854363718,49.27181859,70,2016-08-02,39.30123257,78.60246515,609.1691049,491.2654072,Pan fino,Granos/Cereales,9.854363718
71,1,51,71,10,53.95452501,539.5452501,71,2017-07-27,45.01786077,144.0571545,1089.432231,900.3572154,Manzanas secas Manjimup,Frutas/Verduras,53.95452501
179,2,151,71,9,10.07297531,90.65677777,71,2017-07-27,45.01786077,144.0571545,1089.432231,900.3572154,Queso de soja Longlife,Frutas/Verduras,10.07297531
287,9,682,71,5,17.04455311,85.22276556,71,2017-07-27,45.01786077,144.0571545,1089.432231,900.3572154,Especias picantes de Luisiana,Condimentos,17.04455311
395,2,153,71,8,18.27159266,146.1727413,71,2017-07-27,45.01786077,144.0571545,1089.432231,900.3572154,Licor Cloudberry,Bebidas,18.27159266
503,2,117,71,2,19.37984037,38.75968075,71,2017-07-27,45.01786077,144.0571545,1089.432231,900.3572154,Carne de cangrejo de Boston,Pescado/Marisco,19.37984037
72,2,802,72,2,32.37690664,64.75381327,72,2015-10-11,7.751356591,62.01085272,457.3300388,387.5678295,Queso Mascarpone Fabioli,Lácteos,32.37690664
180,10,727,72,4,14.99681645,59.98726578,72,2015-10-11,7.751356591,62.01085272,457.3300388,387.5678295,Cerveza Sasquatch,Bebidas,14.99681645
288,1,39,72,3,18.91807673,56.75423018,72,2015-10-11,7.751356591,62.01085272,457.3300388,387.5678295,Licor verde Chartreuse,Bebidas,18.91807673
396,3,189,72,4,18.10016664,72.40066655,72,2015-10-11,7.751356591,62.01085272,457.3300388,387.5678295,Cerveza negra Steeleye,Bebidas,18.10016664
504,10,698,72,6,22.27864229,133.6718537,72,2015-10-11,7.751356591,62.01085272,457.3300388,387.5678295,Mezcla Gumbo del chef Anton,Condimentos,22.27864229
73,10,714,73,8,10.88961464,87.11691714,73,2012-06-20,11.09440638,177.5105021,1298.045547,1109.440638,Bollos de Sir Rodney's,Repostería,10.88961464
181,4,292,73,10,29.30272759,293.0272759,73,2012-06-20,11.09440638,177.5105021,1298.045547,1109.440638,Sirope de arce,Condimentos,29.30272759
289,2,916,73,6,36.44078177,218.6446906,73,2012-06-20,11.09440638,177.5105021,1298.045547,1109.440638,Queso Gudbrandsdals,Lácteos,36.44078177
397,7,527,73,1,21.59337522,21.59337522,73,2012-06-20,11.09440638,177.5105021,1298.045547,1109.440638,Salsa de pimiento picante de Luisiana,Condimentos,21.59337522
505,5,317,73,5,97.8116759,489.0583795,73,2012-06-20,11.09440638,177.5105021,1298.045547,1109.440638,Buey Mishi Kobe,Carnes,97.8116759
74,7,532,74,9,15.661987,140.957883,74,2011-04-29,6.861784023,109.7885444,802.8287307,686.1784023,Cerveza Outback,Bebidas,15.661987
182,2,138,74,10,28.64087907,286.4087907,74,2011-04-29,6.861784023,109.7885444,802.8287307,686.1784023,Sirope de arce,Condimentos,28.64087907
290,10,725,74,3,32.85098386,98.55295159,74,2011-04-29,6.861784023,109.7885444,802.8287307,686.1784023,Queso Mascarpone Fabioli,Lácteos,32.85098386
398,10,701,74,4,40.06469425,160.258777,74,2011-04-29,6.861784023,109.7885444,802.8287307,686.1784023,Salsa de arándanos Northwoods,Condimentos,40.06469425
75,2,883,75,6,19.50000544,117.0000326,75,2011-01-12,3.334257996,53.34812793,390.1081855,333.4257996,Escabeche de arenque,Pescado/Marisco,19.50000544
183,5,310,75,6,19.393215,116.35929,75,2011-01-12,3.334257996,53.34812793,390.1081855,333.4257996,Cerveza tibetana Barley,Bebidas,19.393215
291,8,541,75,4,19.67593395,78.70373579,75,2011-01-12,3.334257996,53.34812793,390.1081855,333.4257996,Cerveza tibetana Barley,Bebidas,19.67593395
399,8,561,75,1,21.36274112,21.36274112,75,2011-01-12,3.334257996,53.34812793,390.1081855,333.4257996,Pan de centeno crujiente estilo Gustaf's,Granos/Cereales,21.36274112
76,4,305,76,9,10.45173998,94.06565986,76,2017-08-08,2.951268815,47.22030105,345.2984514,295.1268815,Queso de soja Longlife,Frutas/Verduras,10.45173998
184,2,883,76,8,19.50000544,156.0000435,76,2017-08-08,2.951268815,47.22030105,345.2984514,295.1268815,Escabeche de arenque,Pescado/Marisco,19.50000544
292,2,901,76,1,7.705029769,7.705029769,76,2017-08-08,2.951268815,47.22030105,345.2984514,295.1268815,Empanada de cerdo,Carnes,7.705029769
400,8,540,76,2,18.6780742,37.35614839,76,2017-08-08,2.951268815,47.22030105,345.2984514,295.1268815,Té Dharamsala,Bebidas,18.6780742
77,5,384,77,9,18.60716616,167.4644954,77,2011-03-20,37.73258291,60.37213265,475.4305446,377.3258291,Licor Cloudberry,Bebidas,18.60716616
185,2,831,77,3,28.63366791,85.90100373,77,2011-03-20,37.73258291,60.37213265,475.4305446,377.3258291,Sirope de arce,Condimentos,28.63366791
293,10,761,77,7,13.41017712,93.87123985,77,2011-03-20,37.73258291,60.37213265,475.4305446,377.3258291,Barras de pan de Escocia,Repostería,13.41017712
401,1,7,77,1,30.08909003,30.08909003,77,2011-03-20,37.73258291,60.37213265,475.4305446,377.3258291,Peras secas orgánicas del tío Bob,Frutas/Verduras,30.08909003
78,3,166,78,8,38.52003969,308.1603175,78,2010-10-26,4.410617991,70.56988785,516.0423049,441.0617991,Queso Manchego La Pastora,Lácteos,38.52003969
186,2,783,78,4,6.318575291,25.27430116,78,2010-10-26,4.410617991,70.56988785,516.0423049,441.0617991,Algas Konbu,Pescado/Marisco,6.318575291
294,2,116,78,2,18.82349827,37.64699653,78,2010-10-26,4.410617991,70.56988785,516.0423049,441.0617991,Licor verde Chartreuse,Bebidas,18.82349827
402,2,143,78,4,17.49504596,69.98018383,78,2010-10-26,4.410617991,70.56988785,516.0423049,441.0617991,Especias picantes de Luisiana,Condimentos,17.49504596
79,8,559,79,6,81.03634446,486.2180668,79,2016-01-18,90.23896866,481.2744995,3579.47909,3007.965622,Mermelada de Sir Rodney's,Repostería,81.03634446
187,2,864,79,10,39.08704086,390.8704086,79,2016-01-18,90.23896866,481.2744995,3579.47909,3007.965622,Cordero Alice Springs,Carnes,39.08704086
295,2,885,79,8,264.4913822,2115.931058,79,2016-01-18,90.23896866,481.2744995,3579.47909,3007.965622,Vino Côte de Blaye,Bebidas,264.4913822
403,7,496,79,1,14.94608894,14.94608894,79,2016-01-18,90.23896866,481.2744995,3579.47909,3007.965622,Cerveza Sasquatch,Bebidas,14.94608894
80,5,328,80,2,81.80392055,163.6078411,80,2013-11-01,23.62954114,94.51816454,708.8862341,590.7385284,Mermelada de Sir Rodney's,Repostería,81.80392055
188,3,196,80,1,14.01153826,14.01153826,80,2013-11-01,23.62954114,94.51816454,708.8862341,590.7385284,Tallarines de Singapur,Granos/Cereales,14.01153826
296,10,737,80,5,20.07599719,100.379986,80,2013-11-01,23.62954114,94.51816454,708.8862341,590.7385284,Azúcar negra Malacca,Condimentos,20.07599719
404,6,411,80,10,31.27391631,312.7391631,80,2013-11-01,23.62954114,94.51816454,708.8862341,590.7385284,Ositos de goma Gumbär,Repostería,31.27391631
81,4,280,81,4,20.29899015,81.1959606,81,2015-06-05,5.291133915,84.65814264,619.062668,529.1133915,Regaliz,Repostería,20.29899015
189,2,900,81,3,33.31556786,99.94670358,81,2015-06-05,5.291133915,84.65814264,619.062668,529.1133915,Empanada de carne,Carnes,33.31556786
297,6,445,81,8,34.07798766,272.6239012,81,2015-06-05,5.291133915,84.65814264,619.062668,529.1133915,Camembert Pierrot,Lácteos,34.07798766
405,4,304,81,5,15.06936521,75.34682605,81,2015-06-05,5.291133915,84.65814264,619.062668,529.1133915,Caviar rojo,Pescado/Marisco,15.06936521
82,6,421,82,5,19.9688619,99.84430949,82,2010-10-31,23.81493565,42.33766338,330.7629952,264.6103961,Escabeche de arenque,Pescado/Marisco,19.9688619
190,10,751,82,1,13.58951629,13.58951629,82,2010-10-31,23.81493565,42.33766338,330.7629952,264.6103961,Caracoles de Borgoña,Pescado/Marisco,13.58951629
298,3,204,82,2,16.44363468,32.88726936,82,2010-10-31,23.81493565,42.33766338,330.7629952,264.6103961,Chocolate blanco,Repostería,16.44363468
406,2,955,82,9,13.14325567,118.289301,82,2010-10-31,23.81493565,42.33766338,330.7629952,264.6103961,Queso gorgonzola Telino,Lácteos,13.14325567
83,2,860,83,7,6.782213767,47.47549637,83,2018-12-01,8.948838893,28.63628446,216.5619012,178.9767779,Algas Konbu,Pescado/Marisco,6.782213767
191,6,430,83,5,9.858826567,49.29413283,83,2018-12-01,8.948838893,28.63628446,216.5619012,178.9767779,Arenque ahumado,Pescado/Marisco,9.858826567
299,3,206,83,3,7.86723116,23.60169348,83,2018-12-01,8.948838893,28.63628446,216.5619012,178.9767779,Cereales para Filo,Granos/Cereales,7.86723116
407,4,292,83,2,29.30272759,58.60545518,83,2018-12-01,8.948838893,28.63628446,216.5619012,178.9767779,Sirope de arce,Condimentos,29.30272759
84,7,495,84,5,3.472079626,17.36039813,84,2010-12-25,17.1904504,39.29245807,302.0607714,245.5778629,Queso de cabra,Lácteos,3.472079626
192,2,928,84,2,22.92303997,45.84607993,84,2010-12-25,17.1904504,39.29245807,302.0607714,245.5778629,Especias Cajun del chef Anton,Condimentos,22.92303997
300,2,851,84,2,22.27035244,44.54070489,84,2010-12-25,17.1904504,39.29245807,302.0607714,245.5778629,Especias Cajun del chef Anton,Condimentos,22.27035244
408,2,774,84,6,22.97177999,137.83068,84,2010-12-25,17.1904504,39.29245807,302.0607714,245.5778629,Especias Cajun del chef Anton,Condimentos,22.97177999
85,10,709,85,7,17.81837642,124.728635,85,2017-03-23,12.99316758,103.9453406,766.5968873,649.658379,Postre de merengue Pavlova,Repostería,17.81837642
193,2,798,85,8,46.53052745,372.2442196,85,2017-03-23,12.99316758,103.9453406,766.5968873,649.658379,Col fermentada Rössle,Frutas/Verduras,46.53052745
301,6,455,85,2,15.37348944,30.74697888,85,2017-03-23,12.99316758,103.9453406,766.5968873,649.658379,Cerveza Outback,Bebidas,15.37348944
409,2,121,85,6,20.32309093,121.9385456,85,2017-03-23,12.99316758,103.9453406,766.5968873,649.658379,Azúcar negra Malacca,Condimentos,20.32309093
86,2,112,86,2,18.38541887,36.77083774,86,2018-10-30,26.08445527,83.47025686,631.2438175,521.6891054,Cerveza negra Steeleye,Bebidas,18.38541887
194,2,802,86,4,32.37690664,129.5076265,86,2018-10-30,26.08445527,83.47025686,631.2438175,521.6891054,Queso Mascarpone Fabioli,Lácteos,32.37690664
302,2,819,86,3,20.92105195,62.76315584,86,2018-10-30,26.08445527,83.47025686,631.2438175,521.6891054,Regaliz,Repostería,20.92105195
410,3,215,86,10,29.26474852,292.6474852,86,2018-10-30,26.08445527,83.47025686,631.2438175,521.6891054,Sirope de arce,Condimentos,29.26474852
87,8,605,87,10,17.42700882,174.2700882,87,2017-04-17,40.76454205,108.7054455,828.8790216,679.4090341,Especias picantes de Luisiana,Condimentos,17.42700882
195,2,142,87,8,21.06463114,168.5170491,87,2017-04-17,40.76454205,108.7054455,828.8790216,679.4090341,Salsa de pimiento picante de Luisiana,Condimentos,21.06463114
303,3,185,87,9,12.52315048,112.7083543,87,2017-04-17,40.76454205,108.7054455,828.8790216,679.4090341,Queso gorgonzola Telino,Lácteos,12.52315048
411,2,103,87,7,31.98764893,223.9135425,87,2017-04-17,40.76454205,108.7054455,828.8790216,679.4090341,Ositos de goma Gumbär,Repostería,31.98764893
88,2,839,88,4,36.50647723,146.0259089,88,2010-11-16,24.67480414,98.69921656,740.2441242,616.8701035,Queso Gudbrandsdals,Lácteos,36.50647723
196,2,110,88,6,2.777578245,16.66546947,88,2010-11-16,24.67480414,98.69921656,740.2441242,616.8701035,Queso de cabra,Lácteos,2.777578245
304,3,168,88,5,24.11158768,120.5579384,88,2010-11-16,24.67480414,98.69921656,740.2441242,616.8701035,Cuajada de judías,Frutas/Verduras,24.11158768
412,3,207,88,10,33.36207867,333.6207867,88,2010-11-16,24.67480414,98.69921656,740.2441242,616.8701035,Empanada de carne,Carnes,33.36207867
89,4,253,89,7,21.80599991,152.6419993,89,2013-01-15,9.108204572,145.7312732,1065.659935,910.8204572,Pan de centeno crujiente estilo Gustaf's,Granos/Cereales,21.80599991
197,7,523,89,10,29.19649522,291.9649522,89,2013-01-15,9.108204572,145.7312732,1065.659935,910.8204572,Sirope de arce,Condimentos,29.19649522
305,4,260,89,3,124.2224373,372.667312,89,2013-01-15,9.108204572,145.7312732,1065.659935,910.8204572,Salchicha Thüringer,Carnes,124.2224373
413,6,386,89,5,18.70923874,93.5461937,89,2013-01-15,9.108204572,145.7312732,1065.659935,910.8204572,Té Dharamsala,Bebidas,18.70923874
90,6,399,90,4,24.01441642,96.05766567,90,2012-10-18,20.10456072,80.41824287,603.1368215,502.6140179,Cuajada de judías,Frutas/Verduras,24.01441642
198,2,911,90,6,33.40296792,200.4178075,90,2012-10-18,20.10456072,80.41824287,603.1368215,502.6140179,Bollos de pan de Wimmer,Granos/Cereales,33.40296792
306,8,607,90,5,13.06725261,65.33626303,90,2012-10-18,20.10456072,80.41824287,603.1368215,502.6140179,Barras de pan de Escocia,Repostería,13.06725261
414,9,630,90,6,23.46704695,140.8022817,90,2012-10-18,20.10456072,80.41824287,603.1368215,502.6140179,Cuajada de judías,Frutas/Verduras,23.46704695
91,9,645,91,1,123.9016649,123.9016649,91,2019-09-02,51.3875082,91.35557014,713.7153917,570.9723134,Salchicha Thüringer,Carnes,123.9016649
199,2,919,91,8,34.92520675,279.401654,91,2019-09-02,51.3875082,91.35557014,713.7153917,570.9723134,Queso Mozzarella Giovanni,Lácteos,34.92520675
307,6,434,91,5,20.7691066,103.845533,91,2019-09-02,51.3875082,91.35557014,713.7153917,570.9723134,Regaliz,Repostería,20.7691066
415,2,147,91,4,15.95586535,63.82346142,91,2019-09-02,51.3875082,91.35557014,713.7153917,570.9723134,Cerveza Outback,Bebidas,15.95586535
92,7,465,92,10,10.8219742,108.219742,92,2017-09-14,20.68184195,66.18189423,500.5005751,413.6368389,Sirope de regaliz,Condimentos,10.8219742
200,6,458,92,7,15.15434781,106.0804347,92,2017-09-14,20.68184195,66.18189423,500.5005751,413.6368389,Caviar rojo,Pescado/Marisco,15.15434781
308,6,401,92,6,18.29111831,109.7467099,92,2017-09-14,20.68184195,66.18189423,500.5005751,413.6368389,Postre de merengue Pavlova,Repostería,18.29111831
416,8,543,92,4,22.3974881,89.58995241,92,2017-09-14,20.68184195,66.18189423,500.5005751,413.6368389,Especias Cajun del chef Anton,Condimentos,22.3974881
93,9,628,93,4,38.40170269,153.6068108,93,2015-08-20,28.66564004,91.73004813,693.708489,573.3128008,Queso Manchego La Pastora,Lácteos,38.40170269
201,2,932,93,2,40.5285809,81.05716179,93,2015-08-20,28.66564004,91.73004813,693.708489,573.3128008,Salsa de arándanos Northwoods,Condimentos,40.5285809
309,2,800,93,1,26.3137652,26.3137652,93,2015-08-20,28.66564004,91.73004813,693.708489,573.3128008,Arenque blanco del noroeste,Pescado/Marisco,26.3137652
417,2,830,93,9,34.70389589,312.335063,93,2015-08-20,28.66564004,91.73004813,693.708489,573.3128008,Camembert Pierrot,Lácteos,34.70389589
94,3,215,94,8,29.26474852,234.1179882,94,2014-04-24,40.81533004,81.63066009,632.6376157,510.1916255,Sirope de arce,Condimentos,29.26474852
202,3,193,94,9,18.55113347,166.9602012,94,2014-04-24,40.81533004,81.63066009,632.6376157,510.1916255,Licor verde Chartreuse,Bebidas,18.55113347
310,2,940,94,3,17.46257451,52.38772352,94,2014-04-24,40.81533004,81.63066009,632.6376157,510.1916255,Postre de merengue Pavlova,Repostería,17.46257451
418,2,135,94,4,14.18142815,56.7257126,94,2014-04-24,40.81533004,81.63066009,632.6376157,510.1916255,Caracoles de Borgoña,Pescado/Marisco,14.18142815
95,7,477,95,7,16.00066425,112.0046497,95,2018-04-18,38.84491781,62.15186849,489.4459644,388.4491781,Salsa de soja baja en sodio,Condimentos,16.00066425
203,2,873,95,1,31.4094786,31.4094786,95,2018-04-18,38.84491781,62.15186849,489.4459644,388.4491781,Ositos de goma Gumbär,Repostería,31.4094786
311,8,585,95,5,12.57485617,62.87428083,95,2018-04-18,38.84491781,62.15186849,489.4459644,388.4491781,Arenque salado,Pescado/Marisco,12.57485617
419,2,882,95,10,18.21607689,182.1607689,95,2018-04-18,38.84491781,62.15186849,489.4459644,388.4491781,Cerveza negra Steeleye,Bebidas,18.21607689
96,2,840,96,6,15.07982583,90.478955,96,2013-05-21,16.19176956,51.8136626,391.8408234,323.8353912,Cerveza Outback,Bebidas,15.07982583
204,5,363,96,4,24.08956238,96.35824954,96,2013-05-21,16.19176956,51.8136626,391.8408234,323.8353912,Paté chino,Carnes,24.08956238
312,7,507,96,4,10.17439969,40.69759876,96,2013-05-21,16.19176956,51.8136626,391.8408234,323.8353912,Arenque ahumado,Pescado/Marisco,10.17439969
420,7,520,96,7,13.75722685,96.30058793,96,2013-05-21,16.19176956,51.8136626,391.8408234,323.8353912,Caracoles de Borgoña,Pescado/Marisco,13.75722685
97,2,785,97,2,16.45114911,32.90229822,97,2017-07-20,11.19017678,19.8936476,155.4191219,124.3352975,Salsa de soja baja en sodio,Condimentos,16.45114911
205,2,805,97,1,18.01866143,18.01866143,97,2017-07-20,11.19017678,19.8936476,155.4191219,124.3352975,Cerveza negra Steeleye,Bebidas,18.01866143
313,2,927,97,3,10.9264201,32.77926031,97,2017-07-20,11.19017678,19.8936476,155.4191219,124.3352975,Sirope de regaliz,Condimentos,10.9264201
421,5,362,97,5,8.127015509,40.63507755,97,2017-07-20,11.19017678,19.8936476,155.4191219,124.3352975,Empanada de cerdo,Carnes,8.127015509
98,2,108,98,9,13.17553823,118.579844,98,2015-06-04,34.08807368,54.54091789,429.5097284,340.8807368,Queso gorgonzola Telino,Lácteos,13.17553823
206,3,219,98,1,21.14482198,21.14482198,98,2015-06-04,34.08807368,54.54091789,429.5097284,340.8807368,Salsa de pimiento picante de Luisiana,Condimentos,21.14482198
314,2,940,98,6,17.46257451,104.775447,98,2015-06-04,34.08807368,54.54091789,429.5097284,340.8807368,Postre de merengue Pavlova,Repostería,17.46257451
422,2,879,98,3,32.12687458,96.38062374,98,2015-06-04,34.08807368,54.54091789,429.5097284,340.8807368,Queso Mascarpone Fabioli,Lácteos,32.12687458
99,5,328,99,3,81.80392055,245.4117617,99,2017-05-18,75.3571932,133.9683435,1046.627683,837.3021467,Mermelada de Sir Rodney's,Repostería,81.80392055
207,2,790,99,3,81.57530144,244.7259043,99,2017-05-18,75.3571932,133.9683435,1046.627683,837.3021467,Mermelada de Sir Rodney's,Repostería,81.57530144
315,10,711,99,4,63.03222302,252.1288921,99,2017-05-18,75.3571932,133.9683435,1046.627683,837.3021467,Langostinos tigre Carnarvon,Pescado/Marisco,63.03222302
423,2,87,99,3,31.67852955,95.03558864,99,2017-05-18,75.3571932,133.9683435,1046.627683,837.3021467,Pez espada,Pescado/Marisco,31.67852955
100,6,445,100,7,34.07798766,238.5459136,100,2016-08-17,10.01927418,80.15419344,591.1371766,500.963709,Camembert Pierrot,Lácteos,34.07798766
208,9,639,100,8,9.934316675,79.4745334,100,2016-08-17,10.01927418,80.15419344,591.1371766,500.963709,Pan fino,Granos/Cereales,9.934316675
316,9,632,100,7,18.06047671,126.423337,100,2016-08-17,10.01927418,80.15419344,591.1371766,500.963709,Postre de merengue Pavlova,Repostería,18.06047671
424,10,706,100,9,6.279991667,56.51992501,100,2016-08-17,10.01927418,80.15419344,591.1371766,500.963709,Algas Konbu,Pescado/Marisco,6.279991667
101,1,74,101,3,10.45392204,31.36176611,101,2012-03-30,4.403470448,70.45552716,515.2060424,440.3470448,Queso de soja Longlife,Frutas/Verduras,10.45392204
209,10,741,101,8,13.0895468,104.7163744,101,2012-03-30,4.403470448,70.45552716,515.2060424,440.3470448,Chocolate holandés,Repostería,13.0895468
317,4,298,101,8,14.74326845,117.9461476,101,2012-03-30,4.403470448,70.45552716,515.2060424,440.3470448,Cerveza Laughing Lumberjack,Bebidas,14.74326845
425,4,259,101,4,46.58068917,186.3227567,101,2012-03-30,4.403470448,70.45552716,515.2060424,440.3470448,Col fermentada Rössle,Frutas/Verduras,46.58068917
102,2,946,102,1,21.73103019,21.73103019,102,2019-12-21,11.79758361,37.75226754,285.5015233,235.9516721,Pan de centeno crujiente estilo Gustaf's,Granos/Cereales,21.73103019
210,3,155,102,6,18.89362824,113.3617694,102,2019-12-21,11.79758361,37.75226754,285.5015233,235.9516721,Té Dharamsala,Bebidas,18.89362824
318,2,822,102,1,7.037123575,7.037123575,102,2019-12-21,11.79758361,37.75226754,285.5015233,235.9516721,Cereales para Filo,Granos/Cereales,7.037123575
426,6,411,102,3,31.27391631,93.82174892,102,2019-12-21,11.79758361,37.75226754,285.5015233,235.9516721,Ositos de goma Gumbär,Repostería,31.27391631
103,2,829,103,10,55.08514987,550.8514987,103,2012-03-03,103.9651627,332.6885205,2515.956936,2079.303253,Raclet de queso Courdavault,Lácteos,55.08514987
211,3,218,103,10,33.72762368,337.2762368,103,2012-03-03,103.9651627,332.6885205,2515.956936,2079.303253,Bollos de pan de Wimmer,Granos/Cereales,33.72762368
319,8,577,103,4,264.1651793,1056.660717,103,2012-03-03,103.9651627,332.6885205,2515.956936,2079.303253,Vino Côte de Blaye,Bebidas,264.1651793
427,7,496,103,9,14.94608894,134.5148004,103,2012-03-03,103.9651627,332.6885205,2515.956936,2079.303253,Cerveza Sasquatch,Bebidas,14.94608894
104,9,618,104,9,19.8873662,178.9862958,104,2016-07-15,53.5771146,107.1542292,830.4452763,669.7139325,Cerveza tibetana Barley,Bebidas,19.8873662
212,8,605,104,3,17.42700882,52.28102645,104,2016-07-15,53.5771146,107.1542292,830.4452763,669.7139325,Especias picantes de Luisiana,Condimentos,17.42700882
320,8,551,104,4,38.68663601,154.746544,104,2016-07-15,53.5771146,107.1542292,830.4452763,669.7139325,Queso Manchego La Pastora,Lácteos,38.68663601
428,2,932,104,7,40.5285809,283.7000663,104,2016-07-15,53.5771146,107.1542292,830.4452763,669.7139325,Salsa de arándanos Northwoods,Condimentos,40.5285809
105,7,491,105,9,124.0692675,1116.623408,105,2012-01-19,149.9510372,299.9020745,2324.241077,1874.387966,Salchicha Thüringer,Carnes,124.0692675
213,2,859,105,2,38.26390643,76.52781285,105,2012-01-19,149.9510372,299.9020745,2324.241077,1874.387966,Queso Manchego La Pastora,Lácteos,38.26390643
321,2,944,105,8,81.0796506,648.6372048,105,2012-01-19,149.9510372,299.9020745,2324.241077,1874.387966,Mermelada de Sir Rodney's,Repostería,81.0796506
429,8,593,105,4,8.149885083,32.59954033,105,2012-01-19,149.9510372,299.9020745,2324.241077,1874.387966,Empanada de cerdo,Carnes,8.149885083
106,10,729,106,5,19.20927554,96.04637768,106,2015-06-24,3.842493342,61.47989347,449.571721,384.2493342,Escabeche de arenque,Pescado/Marisco,19.20927554
214,2,870,106,5,9.333696788,46.66848394,106,2015-06-24,3.842493342,61.47989347,449.571721,384.2493342,Pan fino,Granos/Cereales,9.333696788
322,10,762,106,2,36.57103295,73.1420659,106,2015-06-24,3.842493342,61.47989347,449.571721,384.2493342,Queso Gudbrandsdals,Lácteos,36.57103295
430,2,902,106,7,24.0560581,168.3924067,106,2015-06-24,3.842493342,61.47989347,449.571721,384.2493342,Paté chino,Carnes,24.0560581
107,8,606,107,9,14.01418996,126.1277097,107,2012-09-17,36.16923683,96.45129821,735.4411488,602.8206138,Cerveza Laughing Lumberjack,Bebidas,14.01418996
215,2,118,107,9,10.58262189,95.24359701,107,2012-09-17,36.16923683,96.45129821,735.4411488,602.8206138,Crema de almejas estilo Nueva Inglaterra,Pescado/Marisco,10.58262189
323,2,927,107,6,10.9264201,65.55852063,107,2012-09-17,36.16923683,96.45129821,735.4411488,602.8206138,Sirope de regaliz,Condimentos,10.9264201
431,2,950,107,10,31.58907865,315.8907865,107,2012-09-17,36.16923683,96.45129821,735.4411488,602.8206138,Ositos de goma Gumbär,Repostería,31.58907865
108,2,886,108,5,18.67864201,93.39321004,108,2012-10-21,25.65323894,58.63597472,450.7640557,366.474842,Licor verde Chartreuse,Bebidas,18.67864201
216,6,390,108,5,21.94356292,109.7178146,108,2012-10-21,25.65323894,58.63597472,450.7640557,366.474842,Mezcla Gumbo del chef Anton,Condimentos,21.94356292
324,10,758,108,6,21.83025706,130.9815423,108,2012-10-21,25.65323894,58.63597472,450.7640557,366.474842,Salsa de pimiento picante de Luisiana,Condimentos,21.83025706
432,10,767,108,3,10.79409167,32.38227501,108,2012-10-21,25.65323894,58.63597472,450.7640557,366.474842,Queso de soja Longlife,Frutas/Verduras,10.79409167
